{
  "mean": [
    81.96977211138524,
    5.255315833135483,
    266.1556569370655,
    62.90466254348055,
    222.50463091999018,
    -20.05612813988957,
    161.96158256880733,
    -1.1171716812553756,
    0.28211009174311924
  ],
  "scale": [
    30.748267755949986,
    17.087581629055443,
    30.05880227287254,
    70.10110794328901,
    27.708481868565496,
    50.36480175119318,
    36.28577344326851,
    24.50173843525825,
    0.45002665241050394
  ]
}